Processed,Method,URI,Flags
true,GET,http://164.90.223.49:8080,Seed
true,GET,http://164.90.223.49:8080/robots.txt,Seed
true,GET,http://164.90.223.49:8080/sitemap.xml,Seed
true,GET,http://164.90.223.49:8080/public,
true,GET,http://164.90.223.49:8080/register,
true,GET,http://164.90.223.49:8080/login,
true,GET,http://164.90.223.49:8080/Dottie%20Herley,
true,GET,http://164.90.223.49:8080/Jose%20Kundinger,
true,GET,http://164.90.223.49:8080/Dorene%20Laskoskie,
true,GET,http://164.90.223.49:8080/Russ%20Ducey,
true,GET,http://164.90.223.49:8080/Keith%20Gerlt,
true,GET,http://164.90.223.49:8080/Zoe%20Hanchett,
true,GET,http://164.90.223.49:8080/Mellie%20Hurl,
true,GET,http://164.90.223.49:8080/Kelley%20Schappach,
true,GET,http://164.90.223.49:8080/Sanford%20Mcquigg,
true,GET,http://164.90.223.49:8080/Marietta%20Weitzner,
true,GET,http://164.90.223.49:8080/Deandre%20Dickun,
true,GET,http://164.90.223.49:8080/Blaine%20Ehrman,
true,GET,http://164.90.223.49:8080/Domenic%20Osmun,
true,GET,http://164.90.223.49:8080/Lyn%20Labossiere,
true,GET,http://164.90.223.49:8080/Buster%20Ogram,
true,GET,http://164.90.223.49:8080/Jayson%20Greenley,
true,GET,http://164.90.223.49:8080/Dave%20Sersen,
true,GET,http://164.90.223.49:8080/Kurt%20Holmon,
true,GET,http://164.90.223.49:8080/Manual%20Mcglade,
true,GET,http://164.90.223.49:8080/Cristi%20Laflamme,
true,GET,http://164.90.223.49:8080/Claudio%20Stadheim,
true,GET,http://164.90.223.49:8080/Kris%20Hudson,
true,GET,http://164.90.223.49:8080/Un%20Vaissiere,
true,GET,http://164.90.223.49:8080/Emmaline%20Mcdiarmid,
true,GET,http://164.90.223.49:8080/Tiffiny%20Tullis,
true,GET,http://164.90.223.49:8080/Karlyn%20Flaharty,
true,GET,http://164.90.223.49:8080/Marcelino%20Hagey,
true,GET,http://164.90.223.49:8080/Hans%20Konma,
true,GET,http://164.90.223.49:8080/Lashandra%20Palomo,
true,GET,http://164.90.223.49:8080/Aubrey%20Lacsamana,
true,GET,http://164.90.223.49:8080/static/style.css,
false,GET,http://www.gravatar.com/avatar/69a0729a26d70a8ee6ad7696b7aed833?d=identicon&s=48,Out of Scope
false,GET,http://www.gravatar.com/avatar/39b67cacef99b87ef8789efc83439cda?d=identicon&s=48,Out of Scope
false,GET,http://www.gravatar.com/avatar/3719326fb7259141cd8ead98ddc9be66?d=identicon&s=48,Out of Scope
false,GET,http://www.gravatar.com/avatar/7705e86d0254f2eb8e35c3e20ce178c1?d=identicon&s=48,Out of Scope
false,GET,http://www.gravatar.com/avatar/6f110804cbfdfea91036f246341cb5a6?d=identicon&s=48,Out of Scope
false,GET,http://www.gravatar.com/avatar/34baa4041538aeeec0b0f90f930207c3?d=identicon&s=48,Out of Scope
false,GET,http://www.gravatar.com/avatar/a264fc1ee2f9aa17d23fff1d9f5e9bd2?d=identicon&s=48,Out of Scope
false,GET,http://www.gravatar.com/avatar/2095bc98ffba4e6e15dc3a1166ac1be1?d=identicon&s=48,Out of Scope
false,GET,http://www.gravatar.com/avatar/2b6ace58c8287b3c1a7959f8e3bc683a?d=identicon&s=48,Out of Scope
false,GET,http://www.gravatar.com/avatar/97dfebf4098c0f5c16bca61e2b76c373?d=identicon&s=48,Out of Scope
false,GET,http://www.gravatar.com/avatar/9fa0445925f163078efed38fb004187e?d=identicon&s=48,Out of Scope
false,GET,http://www.gravatar.com/avatar/d9afc8aea07d3521cf47f17fe650cb1e?d=identicon&s=48,Out of Scope
false,GET,http://www.gravatar.com/avatar/109ca698afe87f0629430385f574596a?d=identicon&s=48,Out of Scope
false,GET,http://www.gravatar.com/avatar/a34aad12db3c32d79140dfb08cac0115?d=identicon&s=48,Out of Scope
false,GET,http://www.gravatar.com/avatar/6808d5a3a8ebd7f64742c33fb432fc3d?d=identicon&s=48,Out of Scope
false,GET,http://www.gravatar.com/avatar/6ad6cc0d392a5b3592f169ce2ae1c370?d=identicon&s=48,Out of Scope
false,GET,http://www.gravatar.com/avatar/b12a257c9048f5e7c74146c3f447479e?d=identicon&s=48,Out of Scope
false,GET,http://www.gravatar.com/avatar/7041a878047e22e953555cc90f06d1b6?d=identicon&s=48,Out of Scope
false,GET,http://www.gravatar.com/avatar/60f70a5f148df35427b6761772ca914a?d=identicon&s=48,Out of Scope
false,GET,http://www.gravatar.com/avatar/0e5d6bb39dc8c8e083b4fc1d4dbccd3c?d=identicon&s=48,Out of Scope
false,GET,http://www.gravatar.com/avatar/9753d289b674fa16f37b1e50c635672d?d=identicon&s=48,Out of Scope
false,GET,http://www.gravatar.com/avatar/9a4184a6c4616f7cc67575a44c3bed4e?d=identicon&s=48,Out of Scope
false,GET,http://www.gravatar.com/avatar/26f9a15e1ddc449315d52c0e07521e49?d=identicon&s=48,Out of Scope
false,GET,http://www.gravatar.com/avatar/f4467d9b81f34a329caeed39b524bdc1?d=identicon&s=48,Out of Scope
false,GET,http://www.gravatar.com/avatar/832e2e40f3dbfb10a3135e3066dd6d3e?d=identicon&s=48,Out of Scope
false,GET,http://www.gravatar.com/avatar/443ccce8417f194472fcd630dee30c96?d=identicon&s=48,Out of Scope
false,GET,http://www.gravatar.com/avatar/460a0935e8ac8c0d8f2317cbad16920a?d=identicon&s=48,Out of Scope
true,POST,http://164.90.223.49:8080/register,
true,POST,http://164.90.223.49:8080/login,
